name.firstName,name.lastName,age,address.line1,address.line2,address.state,address.city,gender,temp.field1,temp.field2,temp.fieldObj.obj1
Ashlee,Iaverne,50,LSnVuuKoNHFfJrdvjyLKymuLsjZ,OA LPcpyKNOjRElUd,eDm,pRevf,male,PVy,jeAvUxVaAS,uhLliYMhDF
Kial,Anyah,6,mddl AkPAKDrqVmBaosIvxAedK,LSxssddbE B,JxGY,gleuoYEswllpPyNRK,female,FLxAj RPgb,OzkOmY,wEIRqWsYdr
Amara,Kathie,114,yGKDHMkFyUNRsTImTPYTEnaoMpa,fGeDrsdtcLVoTuqDx,bTyj,uroGdS,female,KldJRvV,pBrpXzA,kpxjww
Brianna,Jenness,169,cQQWaPsKiUR ySR,saRMkilhjiPhDTWQl rJwYkYF,WtkameVfqvHo,gwfHqRxnwpSPhMPl,female,pVpvWuI,oZY,Lh
Daryl,Winnick,142,qBCarbLjMXsctOGVrJRWVDgoEC,cadvsCEiQPoCZxObM,wszf,bPWxlfilX,male,VcPCzbh,vh,tJifKMdNDX
Nariko,Zrike,87,"MlGkrZjbvVk HtC ",ithFlulxjQ,AmnahtyGJlg GMpPR,SA,female,oEX BZtP,UmlpADk,lJwT
Willetta,Garlinda,41,NGqAXKFQOJJGPWm,pAWzyRWUIEMLVIBcDyVGESFzlvfWFH,XXA,rEHfvJ,male,SbLspDiiNR,kHekgUq,wr jPU
Vere,Argus,13,pvoxBQBfQRVQvPN,QyUJQhjz,PbRYGtoMTWHmeH,jNiIYFJLkDnhU,female,wEhld,rV,wAdK
Ayn,Emerson,170,zyrqIXvM,QsgJisV,SyJCKroKMjlCx,rUXnUtrqfvHTrnbaRjOy,female,tPKONnb,bcW GMNSH,ibTUBhP
Renie,Ochs,168,YvVSCedlOGM Z,toHWKE,fwAaCyMOMrEAReHpks,umpelpQP,male,TlytMImJ,eZA,dGWD
Cordi,Kat,160,QyaSBVtvE,cCpmBm  acvSNBpVvtblosbzRJh,VcntCDrXluEuLPqmB,UjzkoOYBuUMCqmO Qk,female,vxX PX,bLCDK,iktFeUv
Aubrie,Aaberg,160," Q",qJiPUSVXGj,UOhuGfySJfDhr,paeKmFdpdo,male,qJkEYfWt,pLfyVPjz,MSspPzz
Nollie,Heidt,167,rLOWWrmR,mPaXNAirxPGK,yOKrgRvZvzTHzG,kdmbSKaafWgI,female,CwpA,lg,UTd
Benita,Ehrman,38,foQcktgXAGlxpdR,XAlsqrfaqkYyyyJRovhd,ABila,CCUOFUmzVdHh,female,"JfXTyC ",qJOsiS,vIW
Leeanne,Brieta,102,WYbqueZyK,bCy,LtRpr P FZhmrZf xe,rU,male,OLsL,gdJcSPv,TfkSaB
Joleen,Ambrosia,183,FFAcRxKSuOrU,nJEowTjAKLfBQAtuRxggl,UMRX nnGzpYPAaJsEnZ,QQMCENcIKTm ypNw,female,kxCf,qtucnascIH,qE
Ericka,Pauly,157,eEvOQqxvbBlbfxAwGB,HLtpOWNtMaUI igD,AzkB,oypStCaXn b,female,Twbb,pyWkoR,joKoTa
Calla,Jorgan,40,iWSbZSAtzURbVOrOdjvREu,FPNfojpOzprpBpmVsXbywWHCdTuC,yIwVPV,tuiKfLEdHNsJAFQp,male,jhhZU,NWDlcahJsr,hhYvzBsKnX
Blake,Martguerita,195,VSYqhZIyY,tmqp,ISERkoUAN,TUERSZUcBxEUCmnJUe,female,iBwJi,qtaER,baDKO
Ottilie,Kazimir,195,TNoUxdLhv fzExdqGb,lsx s,bgsIecFsiOLJfSCZW,KBcTYaEChXirqIj,male,ajHUo,WY,fkxjRpagN